{
  "report_id": "registry_audit_1769184714",
  "status": "OK",
  "summary": "Registry audit complete. metrics=3, analysis_objects=1, required_metric_refs=0, plots_in_aos=0. status=OK.",
  "stats": {
    "metrics_count": 3,
    "analysis_object_count": 1,
    "ao_required_metric_refs_total": 0,
    "ao_plot_ids_total": 0,
    "mapping_file_count": 1,
    "master_registry_location_guess": "registry.metrics"
  },
  "findings": [
    {
      "code": "REG_METRIC_FIELDS_GAPS",
      "severity": "INFO",
      "title": "Some metrics lack label/description",
      "detail": "Detected 6 missing label/name/description fields across metrics (soft schema).",
      "file": "/home/runner/work/HP-Motor/HP-Motor/src/hp_motor/registries/master_registry.yaml",
      "hint": "Add label + description for narrative quality and explainability."
    }
  ],
  "risks": [],
  "next_actions": [],
  "artifacts": {}
}