{
  "generated_utc": "2026-01-05T00:10:41Z",
  "files": [
    {
      "file": "SOHBET_FISI_HP_ENGINE_VIDEO_PIPELINE.md",
      "sha256": "6b0722cac53b3c97f2556c294cc5a633f6f8b1e24d1c07e73ba9aa7eab27dff4",
      "bytes": 2212,
      "modified_utc": "2026-01-05T00:09:51Z"
    },
    {
      "file": "hp_single_source_of_truth_v1_fixed.py",
      "sha256": "81c9076ac844a987b7e61512c0a613a3a3637a88926126627651a9d22fdb5860",
      "bytes": 11849,
      "modified_utc": "2026-01-05T00:09:51Z"
    },
    {
      "file": "HP_METRIC_NAMES_UNIQUE_v1.txt",
      "sha256": "0a03399eb0d10b688e59d2af6dcf6d9f5b12c7a30a5ea2da40e804fac98bb45e",
      "bytes": 9117,
      "modified_utc": "2026-01-05T00:09:52Z"
    },
    {
      "file": "Untitled0.ipynb",
      "sha256": "55b3ecd4b921c118d4724a99f8a15d3fea00c62e611fed7e83b1e0dd2f452a7a",
      "bytes": 293717,
      "modified_utc": "2026-01-05T00:09:53Z"
    },
    {
      "file": "Galatasaray 0-1 Union Saint-Gilloise 25.11.2025, Maçın Tamamı.csv",
      "sha256": "f3fddc0383bc06a2a6cefe162a31d3d5c70e5f3852b45eb028ca164f7eb871e1",
      "bytes": 458226,
      "modified_utc": "2026-01-05T00:09:52Z"
    }
  ]
}