{
  "generated_at_utc": "2026-01-21T19:40:26Z",
  "total_rows": 3,
  "mapped_rows": 0,
  "unmapped_rows": 3,
  "unique_action_raw": 0,
  "unique_action_canonical": 1,
  "top_action_raw": [],
  "top_action_canonical": [
    [
      "unmapped",
      3
    ]
  ],
  "category_counts": [
    [
      "OTHER",
      3
    ]
  ],
  "top_unmapped_action_raw": [],
  "rows_per_match_top": [
    [
      "samples/generic_events_min",
      3
    ]
  ],
  "input_csv_files": [
    "samples/generic_events_min.csv"
  ],
  "mapping_signal_mappings_size": 7,
  "mapping_tr_action_aliases_size": 10
}