[
  {
    "mode_id": "pre_match",
    "name": "Pre-Match",
    "purpose": "Oyun planı ve risk haritası (Plan A/B, tetikler, eşleşmeler).",
    "inputs": {
      "required": [
        "opponent_model",
        "recent_matches_5_10",
        "availability",
        "scenario_set"
      ],
      "optional": [
        "set_piece_library",
        "training_notes"
      ]
    },
    "outputs": {
      "artifacts": [
        "hp_report",
        "trigger_list",
        "planA_planB",
        "red_zones",
        "set_piece_plan"
      ]
    },
    "kpis": {
      "core": [
        "first_15_objectives",
        "ball_recovery_zones",
        "planB_switch_condition"
      ]
    },
    "blindspots": {
      "checks": [
        "opponent_ideal_play_assumption",
        "early_goal_shock_scenarios"
      ]
    },
    "workflow": {
      "steps": [
        "build_opponent_weapon_weakness",
        "cross_match_models",
        "generate_score_scenarios",
        "derive_triggers",
        "write_planA_planB_and_switch_conditions",
        "render_hp_output_canon",
        "run_quality_gates"
      ]
    },
    "quality_gates": [
      "G1",
      "G2",
      "G3",
      "G4",
      "G6",
      "G7"
    ]
  },
  {
    "mode_id": "post_match",
    "name": "Post-Match",
    "purpose": "Neden–sonuç zinciri ve tekrar üretilebilir ders.",
    "inputs": {
      "required": [
        "match_events",
        "video_refs",
        "base_metrics"
      ],
      "optional": [
        "pressing_metrics",
        "player_tracking"
      ]
    },
    "outputs": {
      "artifacts": [
        "hp_report",
        "phase_summary",
        "turning_points",
        "root_causes",
        "fix_packages"
      ]
    },
    "kpis": {
      "core": [
        "xg_for_against",
        "zone_progression",
        "transition_concedes",
        "set_piece_xg"
      ]
    },
    "blindspots": {
      "checks": [
        "resulting_guard"
      ]
    },
    "workflow": {
      "steps": [
        "segment_phases",
        "select_turning_points",
        "root_cause_analysis",
        "generate_two_intervention_packages",
        "resulting_guard_alternative_hypothesis",
        "render_hp_output_canon",
        "run_quality_gates"
      ]
    },
    "quality_gates": [
      "G1",
      "G2",
      "G3",
      "G4",
      "G5",
      "G6",
      "G8"
    ]
  },
  {
    "mode_id": "individual",
    "name": "Individual Analysis",
    "purpose": "Oyuncu karar kalitesi + rol uygunluğu + gelişim planı.",
    "inputs": {
      "required": [
        "player_events",
        "role_spec",
        "video_refs"
      ],
      "optional": [
        "fitness_notes",
        "psychodynamic_flags"
      ]
    },
    "outputs": {
      "artifacts": [
        "hp_report",
        "role_fit_score",
        "risk_file",
        "dev_plan_90d"
      ]
    },
    "kpis": {
      "core": [
        "decision_speed",
        "errors_under_pressure",
        "role_action_quality"
      ]
    },
    "blindspots": {
      "checks": [
        "talent_vs_role_output_confusion"
      ]
    },
    "workflow": {
      "steps": [
        "resolve_role_spec",
        "filter_role_events",
        "collect_good_bad_examples",
        "score_fit_and_risk",
        "build_90d_plan",
        "render_hp_output_canon",
        "run_quality_gates"
      ]
    },
    "quality_gates": [
      "G1",
      "G2",
      "G3",
      "G4",
      "G6"
    ]
  },
  {
    "mode_id": "team",
    "name": "Team Analysis",
    "purpose": "Takım modelinin tutarlılığı (prensip–yapı–uygulama).",
    "inputs": {
      "required": [
        "team_events",
        "structure_maps",
        "press_triggers"
      ],
      "optional": [
        "tracking_data",
        "set_piece_library"
      ]
    },
    "outputs": {
      "artifacts": [
        "hp_report",
        "model_dna",
        "fragilities",
        "stability_score",
        "red_zones"
      ]
    },
    "kpis": {
      "core": [
        "structure_continuity",
        "second_ball_rate",
        "compactness",
        "contextual_ppda"
      ]
    },
    "blindspots": {
      "checks": [
        "opponent_effect_isolation_missing"
      ]
    },
    "workflow": {
      "steps": [
        "derive_game_model_profile",
        "measure_structure_continuity",
        "detect_rest_defence_breaks",
        "compute_stability_and_red_zones",
        "generate_interventions",
        "render_hp_output_canon",
        "run_quality_gates"
      ]
    },
    "quality_gates": [
      "G1",
      "G2",
      "G3",
      "G4",
      "G5",
      "G6"
    ]
  },
  {
    "mode_id": "opposition",
    "name": "Opposition Analysis",
    "purpose": "Rakibin kazanma algoritması (silahlar & zaaflar).",
    "inputs": {
      "required": [
        "opponent_recent_matches",
        "opponent_set_piece_patterns"
      ],
      "optional": [
        "similar_opponents_bucket"
      ]
    },
    "outputs": {
      "artifacts": [
        "hp_report",
        "weapons_5",
        "weaknesses_5",
        "trap_plans_3"
      ]
    },
    "kpis": {
      "core": [
        "primary_corridors",
        "post_loss_vulnerability",
        "set_piece_xg"
      ]
    },
    "blindspots": {
      "checks": [
        "single_match_labeling"
      ]
    },
    "workflow": {
      "steps": [
        "update_weapon_weakness_library",
        "simulate_interaction_with_our_model",
        "design_traps_and_triggers",
        "render_hp_output_canon",
        "run_quality_gates"
      ]
    },
    "quality_gates": [
      "G1",
      "G2",
      "G3",
      "G4",
      "G6"
    ]
  },
  {
    "mode_id": "seasonal",
    "name": "Seasonal/Tournaments Analysis",
    "purpose": "Uzun dönem trend + evrim; turnuvada eşleşme matrisi.",
    "inputs": {
      "required": [
        "matches_timeseries",
        "schedule_density",
        "rotation"
      ],
      "optional": [
        "injury_cycle"
      ]
    },
    "outputs": {
      "artifacts": [
        "hp_report",
        "trend_report",
        "intervention_windows",
        "load_management_notes",
        "matchup_matrix"
      ]
    },
    "kpis": {
      "core": [
        "form_curve",
        "density_drop",
        "scenario_performance",
        "home_away_delta"
      ]
    },
    "blindspots": {
      "checks": [
        "average_hides_peaks_troughs"
      ]
    },
    "workflow": {
      "steps": [
        "segment_timeseries_blocks",
        "detect_peaks_troughs",
        "build_matchup_matrix",
        "identify_intervention_windows",
        "lock_kpis",
        "render_hp_output_canon",
        "run_quality_gates"
      ]
    },
    "quality_gates": [
      "G1",
      "G2",
      "G3",
      "G4",
      "G6"
    ]
  },
  {
    "mode_id": "scouting",
    "name": "Scouting Analysis",
    "purpose": "Rol hedefi için aday havuzu + uyum analizi.",
    "inputs": {
      "required": [
        "role_spec",
        "candidate_pool",
        "video_refs"
      ],
      "optional": [
        "league_context",
        "character_signals"
      ]
    },
    "outputs": {
      "artifacts": [
        "hp_report",
        "shortlist",
        "fit_scores",
        "risk_files",
        "alternatives"
      ]
    },
    "kpis": {
      "core": [
        "role_metrics",
        "adaptation_risk",
        "injury_profile",
        "model_fit"
      ]
    },
    "blindspots": {
      "checks": [
        "highlight_bias",
        "portability_overestimate"
      ]
    },
    "workflow": {
      "steps": [
        "build_role_spec",
        "filter_candidates_hard_constraints",
        "anti_highlight_video_validation",
        "score_fit_and_risk",
        "generate_alternatives",
        "render_hp_output_canon",
        "run_quality_gates"
      ]
    },
    "quality_gates": [
      "G1",
      "G2",
      "G3",
      "G4",
      "G6"
    ]
  },
  {
    "mode_id": "team_engineering",
    "name": "Team Engineering",
    "purpose": "Kadro mimarisi ve sistem tasarımı (rol dağılımı, bağlantılar, otomasyon).",
    "inputs": {
      "required": [
        "squad",
        "budget",
        "age_curve",
        "game_model"
      ],
      "optional": [
        "training_priorities"
      ]
    },
    "outputs": {
      "artifacts": [
        "hp_report",
        "role_map",
        "link_graph",
        "dev_axes_3",
        "roadmap",
        "requirements_for_transfer"
      ]
    },
    "kpis": {
      "core": [
        "positional_balance",
        "role_redundancy",
        "link_density",
        "red_zone_count"
      ]
    },
    "blindspots": {
      "checks": [
        "off_field_constraints_sync_missing"
      ]
    },
    "workflow": {
      "steps": [
        "map_squad_to_roles",
        "build_link_graph",
        "detect_gaps_and_surplus",
        "define_dev_axes_and_priorities",
        "emit_requirements",
        "render_hp_output_canon",
        "run_quality_gates"
      ]
    },
    "quality_gates": [
      "G1",
      "G2",
      "G3",
      "G4",
      "G6"
    ]
  },
  {
    "mode_id": "transfer_motor",
    "name": "Transfer Motor",
    "purpose": "Transfer kararını sistematikleştirmek: değer–uyum–zamanlama.",
    "inputs": {
      "required": [
        "need_spec",
        "shortlist",
        "market_data"
      ],
      "optional": [
        "agent_signals"
      ]
    },
    "outputs": {
      "artifacts": [
        "hp_report",
        "go_no_go_matrix",
        "negotiation_range",
        "plan_BC",
        "decision_memo"
      ]
    },
    "kpis": {
      "core": [
        "fit_score",
        "cost_contribution",
        "resale_value",
        "risk_premium",
        "timing"
      ]
    },
    "blindspots": {
      "checks": [
        "name_tax",
        "noise_over_fit"
      ]
    },
    "workflow": {
      "steps": [
        "load_need_spec",
        "load_shortlist",
        "compute_value_model",
        "derive_negotiation_range_and_plans",
        "write_decision_memo_with_audit",
        "render_hp_output_canon",
        "run_quality_gates"
      ]
    },
    "quality_gates": [
      "G1",
      "G2",
      "G3",
      "G4",
      "G5",
      "G6"
    ]
  }
]