format,requires_squad_verified,uses_fitness_modules,core_modules,conditional_modules
tv_pre,yes,yes,"kadro_guvenlik;veri_koprusu_pre;fazparam;lkp;home_away;psych_layer","energy_pulse;energy_leak;referee_balance"
tv_post,yes,yes,"kadro_guvenlik;veri_koprusu_post;fazparam;lkp;home_away;psych_layer","energy_pulse;energy_leak;livesync"
topsuz_oyun_pre,yes,optional,"kadro_guvenlik;veri_koprusu_pre;fazparam;psych_layer;home_away","energy_pulse"
flood_hp_fazparam,yes,optional,"kadro_guvenlik;fazparam;lkp;home_away","energy_pulse"
scouting_player,yes,optional,"kadro_guvenlik;mikro_psikokine;neurosoma_plus;davranis_farki;lkp;home_away","energy_pulse"
short_summary,yes,optional,"kadro_guvenlik;fazparam","energy_pulse"
simulated_commentary,no,optional,"kadro_guvenlik;fazparam;psych_layer","energy_pulse"
