{
  "$schema": "https://json-schema.org/draft/2020-12/schema",
  "title": "HP Engine Origin Spec",
  "type": "object",
  "required": [
    "hp_engine"
  ],
  "properties": {
    "hp_engine": {
      "type": "object",
      "required": [
        "meta",
        "core_principles",
        "entities",
        "output_formats",
        "bridges",
        "gating",
        "format_recipes"
      ],
      "properties": {
        "meta": {
          "type": "object"
        },
        "core_principles": {
          "type": "array"
        },
        "entities": {
          "type": "array"
        },
        "output_formats": {
          "type": "array"
        },
        "bridges": {
          "type": "object"
        },
        "gating": {
          "type": "object"
        },
        "format_recipes": {
          "type": "object"
        }
      }
    }
  }
}