{
  "$schema": "https://json-schema.org/draft/2020-12/schema",
  "$id": "https://hp-engine.local/schemas/analysis_claim.schema.json",
  "title": "HP Engine Analysis Claim",
  "type": "object",
  "additionalProperties": false,
  "required": [
    "claim_id",
    "scope",
    "summary",
    "claims",
    "provenance",
    "created_at"
  ],
  "properties": {
    "claim_id": {
      "type": "string"
    },
    "scope": {
      "type": "string"
    },
    "summary": {
      "type": "string"
    },
    "claims": {
      "type": "array",
      "minItems": 1,
      "items": {
        "type": "object",
        "additionalProperties": false,
        "required": [
          "text",
          "dimension",
          "evidence",
          "confidence",
          "falsification",
          "status"
        ],
        "properties": {
          "text": {
            "type": "string",
            "minLength": 5
          },
          "dimension": {
            "type": "string"
          },
          "claim_type": {
            "type": "string",
            "enum": [
              "presence",
              "quality",
              "comparison",
              "absence",
              "causal"
            ],
            "description": "Optional. If omitted, treated as 'presence'."
          },
          "status": {
            "type": "string",
            "enum": [
              "candidate",
              "confirmed",
              "rejected"
            ]
          },
          "method": {
            "type": "object",
            "additionalProperties": true
          },
          "evidence": {
            "type": "array",
            "minItems": 1,
            "items": {
              "type": "object",
              "additionalProperties": true
            }
          },
          "confidence": {
            "type": "object",
            "additionalProperties": true
          },
          "falsification": {
            "type": "object",
            "additionalProperties": true
          },
          "citations": {
            "type": "array",
            "items": {
              "type": "object",
              "additionalProperties": true
            }
          },
          "notes": {
            "type": "string"
          }
        }
      }
    },
    "provenance": {
      "type": "object",
      "additionalProperties": true
    },
    "created_at": {
      "type": "string"
    },
    "updated_at": {
      "type": "string"
    }
  }
}