{
  "$schema": "https://json-schema.org/draft/2020-12/schema",
  "$id": "https://hp-engine.local/schemas/video_asset.schema.json",
  "title": "HP Engine Video Asset",
  "type": "object",
  "additionalProperties": false,
  "required": [
    "asset_id",
    "title_raw",
    "declared_scope",
    "allowed_dimensions",
    "policy_version",
    "confidence"
  ],
  "properties": {
    "asset_type": {
      "type": "string",
      "const": "video",
      "default": "video",
      "description": "Discriminator for evidence asset types."
    },
    "asset_id": {
      "type": "string",
      "description": "ULID-based asset id."
    },
    "title_raw": {
      "type": "string"
    },
    "title_normalized": {
      "type": "string"
    },
    "tags": {
      "type": "array",
      "items": {
        "type": "string"
      }
    },
    "declared_scope": {
      "type": "string",
      "enum": [
        "OFFENSIVE",
        "DEFENSIVE",
        "TRANSITION",
        "SET_PIECE",
        "BODY_ORIENTATION",
        "POSITIONAL",
        "UNKNOWN"
      ]
    },
    "allowed_dimensions": {
      "type": "array",
      "minItems": 1,
      "items": {
        "type": "string"
      }
    },
    "denied_dimensions": {
      "type": "array",
      "items": {
        "type": "string"
      }
    },
    "allowed_scopes": {
      "type": "array",
      "items": {
        "type": "string"
      }
    },
    "allowed_pattern_families": {
      "type": "array",
      "items": {
        "type": "string"
      }
    },
    "confidence": {
      "type": "number",
      "minimum": 0,
      "maximum": 1
    },
    "requires_human_tag": {
      "type": "boolean"
    },
    "policy_version": {
      "type": "string",
      "description": "Policy version used for reproducibility."
    },
    "source": {
      "type": "object",
      "additionalProperties": false,
      "properties": {
        "source_name": {
          "type": "string"
        },
        "uri": {
          "type": "string"
        },
        "fingerprint": {
          "type": "string"
        }
      }
    },
    "notes": {
      "type": "string"
    }
  }
}