{
  "$schema": "https://json-schema.org/draft/2020-12/schema",
  "title": "fitness_player_aggregate",
  "type": "object",
  "properties": {
    "provider": {
      "type": "string"
    },
    "source_file": {
      "type": "string"
    },
    "source_sheet": {
      "type": "string"
    },
    "competition_scope": {
      "type": "string",
      "enum": [
        "general",
        "league",
        "europe"
      ]
    },
    "aggregation_scope": {
      "type": "string",
      "enum": [
        "season_total",
        "per_match_avg"
      ]
    },
    "player_number": {
      "type": [
        "integer",
        "null"
      ]
    },
    "player_name": {
      "type": [
        "string",
        "null"
      ]
    },
    "minutes_played": {
      "type": [
        "integer",
        "null"
      ],
      "minimum": 0
    }
  },
  "required": [
    "provider",
    "source_file",
    "source_sheet",
    "competition_scope",
    "aggregation_scope"
  ],
  "additionalProperties": true
}