{
  "$schema": "https://json-schema.org/draft/2020-12/schema",
  "title": "fitness_team_match",
  "type": "object",
  "properties": {
    "provider": {
      "type": "string"
    },
    "source_file": {
      "type": "string"
    },
    "source_sheet": {
      "type": "string"
    },
    "competition_scope": {
      "type": "string",
      "enum": [
        "general",
        "league",
        "europe"
      ]
    },
    "result_scope": {
      "type": "string",
      "enum": [
        "all",
        "win",
        "draw",
        "loss"
      ]
    },
    "match_key": {
      "type": "string"
    },
    "team_code": {
      "type": [
        "string",
        "null"
      ]
    },
    "opponent_code": {
      "type": [
        "string",
        "null"
      ]
    },
    "home_away": {
      "type": [
        "string",
        "null"
      ],
      "enum": [
        "h",
        "a",
        null
      ]
    },
    "score_for": {
      "type": [
        "integer",
        "null"
      ],
      "minimum": 0
    },
    "score_against": {
      "type": [
        "integer",
        "null"
      ],
      "minimum": 0
    }
  },
  "required": [
    "provider",
    "source_file",
    "source_sheet",
    "competition_scope",
    "result_scope",
    "match_key"
  ],
  "additionalProperties": true
}