{
  "team_x": "Galatasaray",
  "team_y": "Atletico Madrid",
  "features_x": {
    "Kurulum_mean": 0.0,
    "Kurulum_trend": 0.0,
    "Kurulum_volatility": 0.0,
    "\u0130lerleme_mean": 0.0,
    "\u0130lerleme_trend": 0.0,
    "\u0130lerleme_volatility": 0.0,
    "Ge\u00e7i\u015f_mean": 0.0,
    "Ge\u00e7i\u015f_trend": 0.0,
    "Ge\u00e7i\u015f_volatility": 0.0,
    "Sonlandirma_mean": 0.0,
    "Sonlandirma_trend": 0.0,
    "Sonlandirma_volatility": 0.0,
    "Savunma_mean": 0.0,
    "Savunma_trend": 0.0,
    "Savunma_volatility": 0.0,
    "Duran Top_mean": 0.0,
    "Duran Top_trend": 0.0,
    "Duran Top_volatility": 0.0,
    "defensive_line_mean": 0.0,
    "defensive_line_trend": 0.0,
    "defensive_line_volatility": 0.0,
    "compactness_mean": 0.0,
    "compactness_trend": 0.0,
    "progressive_passes_mean": 0.0,
    "progressive_passes_trend": 0.0,
    "progressive_passes_volatility": 0.0,
    "neuro_score_mean": 0.0,
    "neuro_score_trend": 0.0,
    "total_events_mean": 0.0
  },
  "features_y": {
    "Kurulum_mean": 0.0,
    "Kurulum_trend": 0.0,
    "Kurulum_volatility": 0.0,
    "\u0130lerleme_mean": 0.0,
    "\u0130lerleme_trend": 0.0,
    "\u0130lerleme_volatility": 0.0,
    "Ge\u00e7i\u015f_mean": 0.0,
    "Ge\u00e7i\u015f_trend": 0.0,
    "Ge\u00e7i\u015f_volatility": 0.0,
    "Sonlandirma_mean": 0.0,
    "Sonlandirma_trend": 0.0,
    "Sonlandirma_volatility": 0.0,
    "Savunma_mean": 0.0,
    "Savunma_trend": 0.0,
    "Savunma_volatility": 0.0,
    "Duran Top_mean": 0.0,
    "Duran Top_trend": 0.0,
    "Duran Top_volatility": 0.0,
    "defensive_line_mean": 0.0,
    "defensive_line_trend": 0.0,
    "defensive_line_volatility": 0.0,
    "compactness_mean": 0.0,
    "compactness_trend": 0.0,
    "progressive_passes_mean": 0.0,
    "progressive_passes_trend": 0.0,
    "progressive_passes_volatility": 0.0,
    "neuro_score_mean": 0.0,
    "neuro_score_trend": 0.0,
    "total_events_mean": 0.0
  },
  "archetype_x": "POSSESSION_CONTROL",
  "archetype_y": "POSSESSION_CONTROL"
}