{
  "contract_name": "pre_match_taxonomy_v1",
  "families": {
    "scores": [
      "performance_score",
      "potential_score",
      "consistency",
      "risk",
      "dv_score"
    ],
    "drivers": [
      "top_positive_drivers",
      "top_negative_drivers",
      "critical_axes"
    ],
    "scenario": [
      "scenario_map"
    ],
    "integrity": [
      "data_integrity",
      "confidence"
    ],
    "locks": [
      "locks"
    ]
  },
  "layers": {
    "L2_scores": [
      "teams.*.scores",
      "derived.dv_edge_home_minus_away"
    ],
    "L3_explain": [
      "teams.*.top_positive_drivers",
      "teams.*.top_negative_drivers",
      "teams.*.critical_axes"
    ],
    "L4_scenarios": [
      "teams.*.scenario_map"
    ],
    "L_integrity": [
      "teams.*.data_integrity",
      "teams.*.confidence",
      "derived.confidence_match_min"
    ],
    "L_locks": [
      "locks"
    ]
  },
  "phases": [
    "pre_match",
    "post_match",
    "calibration"
  ],
  "ui_rule": "UI reads only L2-L4 + integrity; never reads raw data layers."
}