{
  "contract_name": "pre_match_chart_bindings_v1",
  "charts": [
    {
      "chart_id": "dv_panel",
      "type": "score_card",
      "data_paths": [
        "teams.home.scores.dv_score",
        "teams.away.scores.dv_score",
        "derived.dv_edge_home_minus_away"
      ]
    },
    {
      "chart_id": "confidence_panel",
      "type": "score_card",
      "data_paths": [
        "teams.home.confidence",
        "teams.away.confidence",
        "derived.confidence_match_min"
      ]
    },
    {
      "chart_id": "score_radar_minimal",
      "type": "radar_4",
      "data_paths": [
        "teams.home.scores.performance_score",
        "teams.home.scores.potential_score",
        "teams.home.scores.consistency",
        "teams.home.scores.risk",
        "teams.away.scores.performance_score",
        "teams.away.scores.potential_score",
        "teams.away.scores.consistency",
        "teams.away.scores.risk"
      ],
      "rules": {
        "risk_axis_inverted_in_ui": true
      }
    },
    {
      "chart_id": "scenario_weights",
      "type": "bar",
      "data_paths": [
        "teams.home.scenario_map.0_0_until_60.weight",
        "teams.home.scenario_map.high_transition_chaos.weight",
        "teams.home.scenario_map.set_piece_decides.weight",
        "teams.home.scenario_map.red_card_event.weight"
      ],
      "rules": {
        "sum_weights_must_equal_1": true
      }
    },
    {
      "chart_id": "drivers_list",
      "type": "rank_list",
      "data_paths": [
        "teams.home.top_positive_drivers",
        "teams.home.top_negative_drivers",
        "teams.away.top_positive_drivers",
        "teams.away.top_negative_drivers"
      ],
      "rules": {
        "max_items_each": 5
      }
    },
    {
      "chart_id": "data_integrity_badge",
      "type": "badge",
      "data_paths": [
        "teams.home.data_integrity.data_integrity_score",
        "teams.home.data_integrity.missing_data_ratio",
        "teams.home.data_integrity.league_average_imputation_count"
      ]
    }
  ]
}