{
  "$schema": "https://json-schema.org/draft/2020-12/schema",
  "title": "HPReport",
  "type": "object",
  "required": [
    "report_id",
    "mode_id",
    "subject",
    "thesis",
    "evidence",
    "risk",
    "interventions",
    "kpis",
    "quality_gates",
    "audit"
  ],
  "properties": {
    "report_id": {
      "type": "string"
    },
    "version": {
      "type": "string",
      "default": "0.1"
    },
    "mode_id": {
      "type": "string",
      "enum": [
        "pre_match",
        "post_match",
        "individual",
        "team",
        "opposition",
        "seasonal",
        "scouting",
        "team_engineering",
        "transfer_motor"
      ]
    },
    "subject": {
      "type": "object",
      "required": [
        "team_id"
      ],
      "properties": {
        "match_id": {
          "type": "string"
        },
        "team_id": {
          "type": "string"
        },
        "opponent_id": {
          "type": "string"
        },
        "player_id": {
          "type": "string"
        },
        "competition_id": {
          "type": "string"
        },
        "season_id": {
          "type": "string"
        }
      }
    },
    "thesis": {
      "type": "string",
      "minLength": 10
    },
    "evidence": {
      "type": "array",
      "minItems": 3,
      "items": {
        "type": "object",
        "required": [
          "evidence_id",
          "type",
          "summary"
        ],
        "properties": {
          "evidence_id": {
            "type": "string"
          },
          "type": {
            "type": "string",
            "enum": [
              "data",
              "clip",
              "tactical_sign"
            ]
          },
          "summary": {
            "type": "string"
          },
          "payload": {
            "type": "object"
          }
        }
      }
    },
    "risk": {
      "type": "string",
      "minLength": 5
    },
    "interventions": {
      "type": "array",
      "minItems": 2,
      "items": {
        "type": "object",
        "required": [
          "type",
          "description",
          "risk_level",
          "expected_uplift"
        ],
        "properties": {
          "type": {
            "type": "string",
            "enum": [
              "low_risk",
              "high_upside"
            ]
          },
          "description": {
            "type": "string"
          },
          "risk_level": {
            "type": "string",
            "enum": [
              "low",
              "medium",
              "high"
            ]
          },
          "expected_uplift": {
            "type": "string"
          }
        }
      }
    },
    "kpis": {
      "type": "array",
      "minItems": 3,
      "items": {
        "type": "object",
        "required": [
          "name",
          "definition"
        ],
        "properties": {
          "name": {
            "type": "string"
          },
          "definition": {
            "type": "string"
          },
          "target": {
            "type": [
              "number",
              "string",
              "null"
            ]
          },
          "actual": {
            "type": [
              "number",
              "string",
              "null"
            ]
          }
        }
      }
    },
    "quality_gates": {
      "type": "object",
      "required": [
        "G1",
        "G2",
        "G3",
        "G4",
        "G5",
        "G6"
      ],
      "properties": {
        "G1": {
          "type": "boolean"
        },
        "G2": {
          "type": "boolean"
        },
        "G3": {
          "type": "boolean"
        },
        "G4": {
          "type": "boolean"
        },
        "G5": {
          "type": "boolean"
        },
        "G6": {
          "type": "boolean"
        },
        "G7": {
          "type": "boolean"
        },
        "G8": {
          "type": "boolean"
        }
      }
    },
    "audit": {
      "type": "object",
      "required": [
        "input_hash",
        "evidence_map",
        "created_at"
      ],
      "properties": {
        "input_hash": {
          "type": "string"
        },
        "evidence_map": {
          "type": "object"
        },
        "created_at": {
          "type": "string"
        },
        "model_version": {
          "type": "string"
        },
        "rule_version": {
          "type": "string"
        }
      }
    }
  }
}