{
  "asset_type": "video",
  "asset_id": "01J0VIDEOASSETEXAMPLEULID",
  "title_raw": "GS vs GAZ | 2026-01-17 | VIDEO | DEFENSIVE | DUELS+TACKLES | RIGHT FLANK",
  "title_normalized": "gs vs gaz 2026 01 17 video defensive duels tackles right flank",
  "tags": [
    "PHASE_DEFENSIVE",
    "FOCUS_DUELS",
    "FOCUS_TACKLES",
    "CORRIDOR_RIGHT",
    "ZONE_WIDE"
  ],
  "declared_scope": "DEFENSIVE",
  "allowed_dimensions": [
    "defensive_structure",
    "tactical",
    "physical",
    "effort",
    "struggle",
    "positional"
  ],
  "denied_dimensions": [
    "attacking_structure",
    "chance_creation",
    "finishing_quality",
    "shot_quality",
    "pressing_quality"
  ],
  "allowed_scopes": [
    "video_analysis",
    "team_tactical_analysis",
    "positional_analysis"
  ],
  "allowed_pattern_families": [],
  "confidence": 0.83,
  "requires_human_tag": false,
  "policy_version": "1.0.0",
  "source": {
    "source_name": "clip_001.mp4",
    "uri": "",
    "fingerprint": "sha256:..."
  }
}